238,TD_238_Voice
244,TD_244_VDI
1255,TD_1255_NAT-DMZ
193,TD_193_Network-Mgmt-Servers
194,TD_194_Network-Management
196,TD_196_Server-Management
20,TD_20_NO-NAT-DMZ
224,TD_224_Storage-Management
232,TD_232_Servers1
234,TD_234_Servers3_EPG
235,TD_235_Sharepoint-2010
237,TD_237_NCAT-ATM
248,TD_248_VLAN248
300,TD_300_XP-Support
3011,TD_3011_Legacy-XP-Web
3061,TD_3061_Legacy-VLAN-3061
3067,TD_3067_Legacy-VLAN-3067
3069,TD_3069_old-network-managment
31,TD_31_Engineering-Users
3193,TD_3193_HQ-Network-Mgmt-Servers
3196,TD_3196_HQ-Server-Managment
3232,TD_3232_HQ-Servers1
3234,TD_3234_HQ-Servers2
3237,TD_3237_Legacy-NCAT
337,TD_337_Card-Wizard
53,TD_53_DNS-Internal
591,TD_591_XP-Web-Servers-NEW
87,TD_87_Identity-Stores
88,TD_88_Application-Servers
92,TD_92_Low-Security-Multifunction
93,TD_93_Low-Security-DB
94,TD_94_High-Security-Mulitfunction
95,TD_95_High-Security-DB
999,TD_999_DMZ-LOCAL
2380,HS_238_Voice
79,HS_79_DAG
87,HS_87_Identity-Stores
88,HS_88_Application-Servers
90,HS_90_NCAT
91,HS_91_XP-Production
92,HS_92_LOW-Security-Multifunction
93,HS_93_Low-Security-DB
94,HS_94_High-Security-Mulitfunction
95,HS_95_High-Security-DB
193,HS_193_Network-Mgmt-Servers
196,HS_196_Server-Management
1255,HS_1255_old-NAT-DMZ
291,HS_291_XP-Testing
324,HS_324_RecoverPoint
391,HS_391_XP-Development
491,HS_491_XP-Test-Web-Servers
591,HS_591_XP-Web-Servers-NEW
191,HS_191_VPN
192,HS_192_DMZ-MGMT
193,HS_193_Network-Mgmt-Servers
194,HS_194_Network-Management
196,HS_196_Server-Management
20,HS_20_NO-NAT-DMZ
224,HS_224_Storage-Management
244,HS_244_VDI
291,HS_291_XP-Testing
300,HS_300_XP-Support
3064,HS_3064_SRM-TEST_SERVER
3235,HS_3235_LEGACY-HQ-SHAREPOINT
3237,HS_3237_SRM-NCAT
337,HS_337_Card-Wizard
53,HS_53_InfoBlox
999,HS_999_DMZ-LOCAL
